NUM_SUB_KERNELS,SAMPLE_PER_STUDENT,NUM_STUDENTS,seed,pref_thresh,alg,seats,nash,zeros,min_val,PMMS_violations,PMMS_agents,EF_violations,EF_agents,EF1_violations,EF1_agents,EFX_violations,EFX_agents,runtime
1,10,97,0,10,ILP,420.99999999999994,0,4.025724788512588,1,0,0,0,0,0,0,0,0,35.95437693595886
1,10,97,0,10,ILP,420.99999999999994,0,4.025724788512588,1,0,0,0,0,0,0,0,0,36.431544065475464
1,10,97,0,10,RR,420.99999999999994,0,4.025724788512588,1,0,0,0,0,0,0,0,0,21.96323323249817
1,10,97,0,10,SD,420.99999999999994,0,4.025724788512588,1,0,0,0,0,0,0,0,0,3.015660047531128
1,10,97,0,10,YS,420.99999999999994,0,4.025724788512588,1,0,0,0,0,0,0,0,0,1.1920928955078125e-06
