NUM_SUB_KERNELS,SAMPLE_PER_STUDENT,NUM_STUDENTS,seed,pref_thresh,alg,seats,nash,zeros,min_val,runtime
1,10,2308,0,10,ILP,7161.0,69,2.8393031577610497,1,6.308702230453491
1,10,2308,0,10,RR,6892.0,0,2.8960721278615145,1,296.6215376853943
1,10,2308,0,10,SD,6836.0,438,3.121234840864173,1,313.3976380825043
1,10,2308,0,10,YS,7161.0,0,3.0539426719167153,1,810.7063601016998
